<?xml version="1.0" encoding="UTF-8"?>
<project-private xmlns="http://www.netbeans.org/ns/project-private/1">
    <editor-bookmarks xmlns="http://www.netbeans.org/ns/editor-bookmarks/2" lastBookmarkId="0"/>
    <open-files xmlns="http://www.netbeans.org/ns/projectui-open-files/2">
        <group>
            <file>file:/home/UCA/lovalade/NetBeansProjects/Corrections/slim+guzzleex/slim+guzzle%20ex/phpslim/public/index.php</file>
            <file>file:/home/UCA/lovalade/NetBeansProjects/Corrections/slim+guzzleex/slim+guzzle%20ex/phpslim/composer.json</file>
        </group>
    </open-files>
</project-private>
